[
  {
    "id": "rv_000044",
    "pseudo": "FuryDragon",
    "rating": 5,
    "comment": "Tout reçu rapidement et sans problème !",
    "createdAt": 1760145041760
  },
  {
    "id": "rv_000006",
    "pseudo": "CrystalQueen",
    "rating": 5,
    "comment": "Service impeccable, merci !",
    "createdAt": 1760132240326
  },
  {
    "id": "rv_000037",
    "pseudo": "RoguePhoenix",
    "rating": 5,
    "comment": "Parfait, boost réussi !",
    "createdAt": 1760123982021
  },
  {
    "id": "rv_000003",
    "pseudo": "Lun4rStar",
    "rating": 5,
    "comment": "Parfait, mon SnapScore a bien augmenté !",
    "createdAt": 1760075990393
  },
  {
    "id": "rv_000032",
    "pseudo": "BlazePhoenix",
    "rating": 5,
    "comment": "Super service, je recommande !",
    "createdAt": 1760066465347
  },
  {
    "id": "rv_000023",
    "pseudo": "CyberKnight",
    "rating": 5,
    "comment": "Super rapide, très satisfait !",
    "createdAt": 1759903477004
  },
  {
    "id": "rv_000052",
    "pseudo": "NeoKnight",
    "rating": 5,
    "comment": "Commande conforme et rapide.",
    "createdAt": 1759874171511
  },
  {
    "id": "rv_000009",
    "pseudo": "Vortex01",
    "rating": 5,
    "comment": "Tout parfait, compte livré rapidement.",
    "createdAt": 1759854216642
  },
  {
    "id": "rv_000055",
    "pseudo": "CyberPhoenix",
    "rating": 5,
    "comment": "Tout reçu comme prévu, super !",
    "createdAt": 1759814967628
  },
  {
    "id": "rv_000060",
    "pseudo": "FuryKnight",
    "rating": 5,
    "comment": "Parfait, tout nickel !",
    "createdAt": 1759607855839
  },
  {
    "id": "rv_000026",
    "pseudo": "QuantumLeap",
    "rating": 5,
    "comment": "Tout reçu sans problème.",
    "createdAt": 1759451786150
  },
  {
    "id": "rv_000004",
    "pseudo": "FuryGamer99",
    "rating": 5,
    "comment": "Tout reçu comme prévu, je recommande.",
    "createdAt": 1759423337351
  },
  {
    "id": "rv_000065",
    "pseudo": "SilverFury",
    "rating": 5,
    "comment": "Super rapide et tout reçu.",
    "createdAt": 1759366170322
  },
  {
    "id": "rv_000035",
    "pseudo": "ShadowDragon",
    "rating": 5,
    "comment": "Nickel, tout reçu !",
    "createdAt": 1759291567980
  },
  {
    "id": "rv_000058",
    "pseudo": "IceWizard",
    "rating": 5,
    "comment": "Commande reçue et conforme !",
    "createdAt": 1759141501380
  },
  {
    "id": "rv_000049",
    "pseudo": "DarkVortex",
    "rating": 5,
    "comment": "Très satisfait !",
    "createdAt": 1759098406158
  },
  {
    "id": "rv_000057",
    "pseudo": "PixelFury",
    "rating": 5,
    "comment": "Très satisfait, boost parfait !",
    "createdAt": 1759088121965
  },
  {
    "id": "rv_000021",
    "pseudo": "PixelQueen",
    "rating": 5,
    "comment": "Commande bien livrée, merci !",
    "createdAt": 1759070451196
  },
  {
    "id": "rv_000024",
    "pseudo": "FlameWizard",
    "rating": 5,
    "comment": "Service au top, je recommande.",
    "createdAt": 1759051347701
  },
  {
    "id": "rv_000013",
    "pseudo": "DragonHeart",
    "rating": 5,
    "comment": "Très bon service, tout reçu !",
    "createdAt": 1758989154496
  },
  {
    "id": "rv_000015",
    "pseudo": "SilverWolf",
    "rating": 5,
    "comment": "Je recommande, tout nickel.",
    "createdAt": 1758958901038
  },
  {
    "id": "rv_000054",
    "pseudo": "GhostBlade",
    "rating": 5,
    "comment": "Service impeccable !",
    "createdAt": 1758904676771
  },
  {
    "id": "rv_000038",
    "pseudo": "DarkSorcerer",
    "rating": 5,
    "comment": "Super, tout reçu comme prévu.",
    "createdAt": 1758847255355
  },
  {
    "id": "rv_000029",
    "pseudo": "SkyFury",
    "rating": 5,
    "comment": "Très rapide et efficace !",
    "createdAt": 1758789681103
  },
  {
    "id": "rv_000064",
    "pseudo": "ShadowNeo",
    "rating": 5,
    "comment": "Boost parfait, satisfait !",
    "createdAt": 1758783059933
  },
  {
    "id": "rv_000018",
    "pseudo": "TechnoMancer",
    "rating": 5,
    "comment": "Parfait, exactement ce que je voulais !",
    "createdAt": 1758776176513
  },
  {
    "id": "rv_000046",
    "pseudo": "ShadowFrost",
    "rating": 5,
    "comment": "Commande parfaite !",
    "createdAt": 1758683381955
  },
  {
    "id": "rv_000051",
    "pseudo": "SilverShadow",
    "rating": 5,
    "comment": "Parfait, boost reçu !",
    "createdAt": 1758609692847
  },
  {
    "id": "rv_000048",
    "pseudo": "IceRogue",
    "rating": 5,
    "comment": "Super rapide, tout nickel.",
    "createdAt": 1758598118775
  },
  {
    "id": "rv_000001",
    "pseudo": "DarkKnight42",
    "rating": 5,
    "comment": "Commande bien reçue, super rapide !",
    "createdAt": 1758554825337
  },
  {
    "id": "rv_000040",
    "pseudo": "IceShadow",
    "rating": 5,
    "comment": "Boost impeccable !",
    "createdAt": 1758524048279
  },
  {
    "id": "rv_000043",
    "pseudo": "DarkPhoenix",
    "rating": 5,
    "comment": "Super service, je recommande.",
    "createdAt": 1758454568055
  },
  {
    "id": "rv_000031",
    "pseudo": "SilverKnight",
    "rating": 5,
    "comment": "Commande reçue et conforme.",
    "createdAt": 1758404062737
  },
  {
    "id": "rv_000020",
    "pseudo": "NightFury",
    "rating": 5,
    "comment": "Très satisfait, tout est parfait.",
    "createdAt": 1758400641983
  },
  {
    "id": "rv_000034",
    "pseudo": "FrostByte",
    "rating": 5,
    "comment": "Service rapide et fiable.",
    "createdAt": 1758388701467
  },
  {
    "id": "rv_000016",
    "pseudo": "NovaBlade",
    "rating": 5,
    "comment": "Super rapide et efficace.",
    "createdAt": 1758370113433
  },
  {
    "id": "rv_000008",
    "pseudo": "ZeroCool",
    "rating": 5,
    "comment": "Excellent boost, très satisfait !",
    "createdAt": 1758187054800
  },
  {
    "id": "rv_000041",
    "pseudo": "CyberWolf",
    "rating": 5,
    "comment": "Très satisfait, rapide et efficace.",
    "createdAt": 1758177602818
  },
  {
    "id": "rv_000062",
    "pseudo": "BlazeFrost",
    "rating": 5,
    "comment": "Service excellent, je recommande !",
    "createdAt": 1758097799202
  },
  {
    "id": "rv_000027",
    "pseudo": "ViperX",
    "rating": 5,
    "comment": "Parfait, exactement ce que je voulais.",
    "createdAt": 1757998811793
  },
  {
    "id": "rv_000067",
    "pseudo": "GhostPhoenix",
    "rating": 5,
    "comment": "Très content, tout reçu !",
    "createdAt": 1757769346864
  },
  {
    "id": "rv_000011",
    "pseudo": "GhostRider",
    "rating": 5,
    "comment": "Nickel, merci beaucoup !",
    "createdAt": 1757691102592
  },
  {
    "id": "rv_000061",
    "pseudo": "NeoShadow",
    "rating": 5,
    "comment": "Boost rapide et conforme.",
    "createdAt": 1757646062755
  },
  {
    "id": "rv_000025",
    "pseudo": "IceKing",
    "rating": 4,
    "comment": "Livraison correcte, satisfait.",
    "createdAt": 1759971084776
  },
  {
    "id": "rv_000002",
    "pseudo": "xXShadowXx",
    "rating": 4,
    "comment": "Bon service, juste un petit délai sur le boost.",
    "createdAt": 1759844210280
  },
  {
    "id": "rv_000053",
    "pseudo": "FlameDragon",
    "rating": 4,
    "comment": "Bien mais un peu de retard.",
    "createdAt": 1759668998585
  },
  {
    "id": "rv_000010",
    "pseudo": "ShadowFox",
    "rating": 4,
    "comment": "Boost reçu mais délai un peu long.",
    "createdAt": 1759638353769
  },
  {
    "id": "rv_000019",
    "pseudo": "ShadowStorm",
    "rating": 4,
    "comment": "Boost reçu, merci.",
    "createdAt": 1759577784476
  },
  {
    "id": "rv_000030",
    "pseudo": "NightShade",
    "rating": 4,
    "comment": "Boost correct, délai un peu long.",
    "createdAt": 1759484537788
  },
  {
    "id": "rv_000036",
    "pseudo": "VortexShadow",
    "rating": 4,
    "comment": "Bien mais un peu lent.",
    "createdAt": 1759245342969
  },
  {
    "id": "rv_000059",
    "pseudo": "DarkStorm",
    "rating": 4,
    "comment": "Bien mais délai légèrement long.",
    "createdAt": 1758628242064
  },
  {
    "id": "rv_000007",
    "pseudo": "BlazeX",
    "rating": 4,
    "comment": "Bien reçu, rapide et efficace.",
    "createdAt": 1758018859930
  },
  {
    "id": "rv_000042",
    "pseudo": "NovaStorm",
    "rating": 4,
    "comment": "Bien mais un petit délai.",
    "createdAt": 1757963467543
  },
  {
    "id": "rv_000014",
    "pseudo": "StormBreaker",
    "rating": 4,
    "comment": "Bien mais le boost n'était pas immédiat.",
    "createdAt": 1757958446638
  },
  {
    "id": "rv_000066",
    "pseudo": "VortexBlade",
    "rating": 4,
    "comment": "Bien mais un peu lent.",
    "createdAt": 1757649823049
  },
  {
    "id": "rv_000047",
    "pseudo": "PixelWizard",
    "rating": 4,
    "comment": "Bien reçu, boost correct.",
    "createdAt": 1757611219810
  },
  {
    "id": "rv_000005",
    "pseudo": "NeoPhantom",
    "rating": 3,
    "comment": "Commande livrée mais un peu en retard.",
    "createdAt": 1760162665397
  },
  {
    "id": "rv_000022",
    "pseudo": "RogueAgent",
    "rating": 3,
    "comment": "Délai un peu long mais au final reçu.",
    "createdAt": 1760090613907
  },
  {
    "id": "rv_000056",
    "pseudo": "NightRogue",
    "rating": 3,
    "comment": "Commande un peu lente mais reçu.",
    "createdAt": 1760079371118
  },
  {
    "id": "rv_000063",
    "pseudo": "QuantumWolf",
    "rating": 3,
    "comment": "Commande pas super rapide.",
    "createdAt": 1759637322336
  },
  {
    "id": "rv_000045",
    "pseudo": "TechKnight",
    "rating": 3,
    "comment": "Délai un peu long.",
    "createdAt": 1759448460892
  },
  {
    "id": "rv_000033",
    "pseudo": "CosmicWolf",
    "rating": 3,
    "comment": "Livraison tardive mais compte correct.",
    "createdAt": 1758955553121
  },
  {
    "id": "rv_000039",
    "pseudo": "PixelKnight",
    "rating": 3,
    "comment": "Livraison un peu longue mais bon service.",
    "createdAt": 1758709106879
  },
  {
    "id": "rv_000017",
    "pseudo": "IcePhoenix",
    "rating": 3,
    "comment": "Livraison un peu lente mais compte correct.",
    "createdAt": 1758449830099
  },
  {
    "id": "rv_000050",
    "pseudo": "StormFury",
    "rating": 3,
    "comment": "Livraison pas très rapide.",
    "createdAt": 1758362386447
  },
  {
    "id": "rv_000028",
    "pseudo": "DarkBlade",
    "rating": 2,
    "comment": "Pas reçu dans les temps.",
    "createdAt": 1759336271443
  },
  {
    "id": "rv_000012",
    "pseudo": "Pixelated99",
    "rating": 2,
    "comment": "Commande pas livrée à temps.",
    "createdAt": 1758373822130
  }
]